idannonce,messages,resume,time
apimo-83969433,"[{'role': 'system', 'content': 'You are a helpful assistant that summaries descriptions of real estate various rooms.'}, {'role': 'user', 'content': ""This image depicts the entrance to a Mediterranean-style home, featuring two arched windows and an open door with ornate ironwork. The white stucco exterior is adorned with decorative elements, including carved stone accents on the walls and intricate ironwork details.\n\nThe interior of the house can be seen through the doorway, revealing a spacious room with high ceilings and a large chandelier hanging from the center. A patterned tile floor adds to the home's elegant ambiance.\n\nIn front of the entrance, a potted plant sits atop a short wall or railing, adding a touch of greenery to the scene. The overall atmosphere suggests a warm and inviting Mediterranean-style residence, perfect for those seeking a luxurious and sophisticated living space.""}, {'role': 'user', 'content': 'The image depicts an outdoor patio area, likely situated on the roof of a building or within a courtyard.\n\nIn the foreground, two wooden couches with white cushions and pillows are arranged facing each other, accompanied by a low table made from light-colored wood slats. A vibrant rug in shades of red, blue, and yellow adds color to the space. The patio is surrounded by lush greenery, including trees and bushes, which creates a natural ambiance.\n\nIn the background, several buildings can be seen, suggesting that this property may be located in an urban or suburban area. The overall atmosphere of the image is one of relaxation and tranquility, inviting potential buyers to imagine themselves enjoying the outdoors on this lovely patio.'}, {'role': 'user', 'content': 'The image depicts a bedroom with white walls and a large window on one wall, allowing natural light to enter the room. The bed is positioned against the right-hand side of the room, facing the window, and features a tufted headboard upholstered in grey fabric. A small table sits beside the bed.\n\nIn front of the bed, three pillows are arranged: two white ones and one pink one with an intricate pattern. The floor is covered by a light-colored rug or carpet, adding warmth to the space. On the left side of the room, a large mirror hangs on the wall, reflecting the window and creating the illusion of more space.\n\nThe overall atmosphere of the room appears bright and airy, thanks to the abundance of natural light pouring in through the window. The use of white walls and furniture creates a sense of calmness and serenity, making it an inviting space for relaxation.'}, {'role': 'user', 'content': ""The image depicts a bedroom with an en-suite bathroom, featuring a large bed and a doorway leading to the bathroom.\n\nThe room is well-lit, with natural light pouring in through the windows on the left side of the image. The bed is positioned against the right wall, adorned with a gray headboard and white sheets. A pink pillow adds a pop of color to the bed's design.\n\nIn the background, a doorway leads to an en-suite bathroom, which features a claw-foot bathtub situated in front of a window that allows for natural light to enter the space. The walls are painted white, providing a clean and neutral backdrop for the room's furnishings.\n\nOverall, the image presents a serene and inviting bedroom with a comfortable bed and a convenient en-suite bathroom, creating an ideal retreat for relaxation and rest.""}, {'role': 'user', 'content': 'The image depicts a bedroom with a large bed, white walls and ceiling, and several windows along one wall. The bed is positioned against the left side of the room, with its headboard facing the viewer. It has a tufted gray upholstered headboard and is adorned with two pillows in shades of pink and brown. A long rectangular pillow in a similar color scheme lies across the middle of the bed.\n\nOn the right side of the room, there is a white armchair positioned next to one of the windows. The walls are painted white, and the ceiling appears to be white as well. There are several windows along one wall, each with white trim and a white frame. The windows offer a view of trees outside, suggesting that the house is located in a residential area.\n\nIn the background, there is a doorway leading out of the room, which can be seen through an opening in the wall. The overall atmosphere of the image suggests a cozy and inviting bedroom with plenty of natural light.'}, {'role': 'user', 'content': ""This image depicts a bathroom with white subway tile walls and a decorative blue, tan, and cream-colored patterned floor. The room features a large mirror above a pedestal sink with two silver faucets. A window is visible to the left of the mirror, while a door is situated on the right side of the room.\n\nIn the foreground, a claw-foot bathtub is partially visible at the bottom of the image. Above it, a towel rack holds two towels: one pink and one blue. The overall atmosphere suggests that this is a real estate photo showcasing the bathroom's amenities and design.""}, {'role': 'user', 'content': 'The image depicts a serene and inviting bedroom, characterized by its soft green walls and white trim. The room is illuminated by natural light pouring in through two large windows on the right side of the image, which are adorned with decorative ironwork.\n\nIn the foreground, a bed takes center stage, dressed in crisp white linens and topped with a plush purple blanket or throw. Two pillows sit atop the bed, one blue and one white, adding a pop of color to the otherwise monochromatic space.\n\nTo the left of the bed stands a bookshelf, its shelves stocked with an assortment of books that add a touch of warmth and personality to the room. A small white chair is nestled in front of the bookshelf, providing a cozy reading nook.\n\nThe floor beneath the bed is covered with a vibrant rug, featuring a colorful floral pattern that adds a splash of color to the space. The overall atmosphere of the room is one of calmness and serenity, making it an ideal retreat for relaxation and rejuvenation.'}, {'role': 'user', 'content': ""The image depicts a bathroom with white subway tiles on the walls and floor, featuring a pedestal sink with two silver faucets, an oval mirror above it, and a glass shower door to the left.\n\nIn the foreground, the shower area is visible through the glass door, which has a silver handle. The shower itself appears to be empty, with no visible fixtures or accessories. To the right of the shower, there is a pedestal sink with two silver faucets, one for hot water and one for cold water. Above the sink, an oval mirror hangs on the wall, reflecting the room's interior.\n\nThe floor of the bathroom features a decorative tile pattern in shades of blue, yellow, red, and white, adding a pop of color to the otherwise monochromatic space. The overall atmosphere of the image suggests a clean and modern bathroom design, with a focus on simplicity and functionality.""}, {'role': 'user', 'content': 'This image depicts an elegant dining room with a table and chairs situated on a tiled floor, surrounded by three arched windows featuring wrought iron grilles.\n\nThe table is circular and made of dark wood, topped with white marble or stone. Four transparent plastic chairs are arranged around the table, each adorned with gold feet. The walls surrounding the room are painted white, while the ceiling appears to be constructed from wood and features a decorative pattern. A small security camera is mounted on the wall above the leftmost window.\n\nThe floor tiles boast a striking black-and-white geometric design, adding visual interest to the space. Through the windows, lush greenery can be seen outside, suggesting that this room may have access to a garden or outdoor area. Overall, the atmosphere of this image exudes elegance and sophistication, making it an inviting space for dining and socializing.'}, {'role': 'user', 'content': 'The image shows two different rooms in an apartment or house.\n\nIn the top half of the image, there is a living room with white walls and a black leather couch against one wall. There are several colorful throw pillows on the couch. Above the couch, there is a large piece of art that consists of nine smaller pieces arranged in a 3x3 grid. The floor has a blue patterned rug over it.\n\nIn the bottom half of the image, there is a dining room with white walls and a wooden table with chairs around it. There are several decorative items on top of the table. A chandelier hangs from the ceiling above the table. The floor has a large white area rug with black lines that form a geometric pattern.'}, {'role': 'user', 'content': 'The image depicts a living room with white walls and ceiling, featuring a large window on the right side of the room. The room is furnished with a black leather couch, two chairs, and a coffee table made of light-colored wood. A flat-screen TV is mounted on the wall above a wooden entertainment center.\n\nIn the background, there appears to be a dining area with a table and chairs. The floor is covered with a white rug, adding warmth and texture to the space. Overall, the room exudes a sense of modernity and sophistication, making it an inviting and comfortable living space.'}, {'role': 'user', 'content': 'This image depicts a living room with white walls and a large window on the left side, featuring a dark wood frame and decorative ironwork. The room is furnished with two tan chairs positioned in front of an arched doorway leading to another room.\n\nThe floor is covered with a light blue rug adorned with black lines, adding a touch of elegance to the space. A low wooden cabinet stands against the wall opposite the window, holding various items such as books and electronics. In the foreground, a dark leather couch is partially visible, accompanied by a geometric wire sculpture on top.\n\nThe overall atmosphere of the room exudes modernity and sophistication, with clean lines, minimal decor, and an abundance of natural light pouring in through the large window. The arched doorway adds a sense of grandeur to the space, while the rug and furniture contribute to its cozy and inviting ambiance.'}, {'role': 'user', 'content': 'The image depicts a living room with white walls and a large window on the back wall, which is framed by decorative molding. The room features a gray armchair positioned to the left of the window, accompanied by a blue wireframe chair to its right. A low table sits in front of the chairs, while a TV is mounted above a wooden cabinet against the far wall.\n\nIn the foreground, an arched doorway leads into another room, where a white leather chair and a black-and-white striped rug are visible. The overall atmosphere suggests a modern and stylish living space with plenty of natural light pouring in through the large window.'}, {'role': 'user', 'content': 'The image depicts a modern kitchen with white marble countertops and brown cabinets. The sink is situated on the left side of the room, while the stove is located on the right. A window above the sink allows natural light to enter the space.\n\nIn the foreground, there are several appliances visible, including a coffee maker, toaster, and kettle. Above the counter, a cabinet provides additional storage for kitchen essentials. The overall atmosphere of the image suggests a clean and organized kitchen that is well-suited for cooking and entertaining.'}, {'role': 'user', 'content': 'This image depicts a modern kitchen with white walls and marble countertops, featuring dark brown cabinets and red accents on the upper cabinets. The kitchen is well-lit by recessed lighting in the ceiling.\n\nIn the foreground, a small section of countertop is visible, showcasing a coffee maker and other appliances. A doorway leads to another room, while a window above the sink allows natural light to enter the space.\n\nThe overall atmosphere suggests a clean and organized kitchen, perfect for cooking and entertaining. The use of marble countertops adds a touch of elegance, while the dark brown cabinets provide a sense of warmth and coziness.'}, {'role': 'user', 'content': 'The image depicts a bathroom with exposed rock walls and a white toilet on the left side of the room, accompanied by a small sink mounted to a brick wall above it. The floor is made of concrete, adding to the rustic ambiance of the space.\n\nIn the foreground, a large boulder protrudes from the ground, partially obscuring the view of the bathroom door. This natural element adds an organic feel to the otherwise modern fixtures and finishes in the room.\n\nThe overall aesthetic of the bathroom is one of understated elegance, with clean lines and minimal ornamentation allowing the natural beauty of the rock walls to take center stage. The use of earthy tones and textures creates a sense of warmth and coziness, making this space feel like a serene retreat from the outside world.'}, {'role': 'user', 'content': ""\n        You are a helpful assistant tasked with summarizing a property based on detailed descriptions of various rooms and spaces. Your task is to first extract the key features of each room or space, such as the overall setting, color schemes, architectural details, and any notable features. \n        Below is information about a property:\n        Structured data: {'Property type': 'Maison/Villa', 'Transaction type': 'Vente', 'Municipality': {'Nice'}, 'Property price': '2350000.0 EUR', 'Price per m2': '13823.529 EUR', 'Surface area': '170.0 m²', 'Number of pieces': 6}\n        Description: look at the context history\n\n        These are the precise taks you are to complete:\n        1.Summarize each room / space desciption provided in the context history,\n        \n        2.Provide a final conclusion that includes the following:\n        2.1.Bullet point summary for the entire housing following this format:\n        - **Property type**: <Property type>\n        - **Transaction type**: <Transaction type>\n        - **Municipality**: <Municipality>\n        - **Property price**: <Property price>\n        - **Price per m2**: <Price per m2>\n        - **Surface area**: <Surface area>\n        - **Number of pieces**: <Pieces>\n        - **Key points**: <Brief summary of key features, amenities and any unique points in the description>\n\n        2.2.More detailled summary for the entire housing that emphazises on:\n        The overall feel of the property.\n        The design elements (e.g., minimalist, modern, classical, etc.).\n        The state of the property (e.g., finished, unfinished, needs for renovation).        \n        Ensure that the summary is neutral, brief, and informative, while retaining the essence of the property's current condition and potential.\n\n\n\n        Output:\n\n    ""}]","### Room Summaries

1. **Bedroom**:
   - **Setting**: Serene and inviting.
   - **Color Scheme**: Soft green walls with white trim.
   - **Lighting**: Natural light through two large windows adorned with decorative ironwork.
   - **Furniture**: Centered bed with crisp white linens, a plush purple blanket, and two pillows (blue and white).
   - **Additional Features**: Bookshelf stocked with books, small white chair for reading.

2. **Bathroom**:
   - **Design Elements**: Modern with marble countertops and brown cabinets.
   - **Key Features**: White toilet, sink mounted on brick wall, concrete floor, natural light from a window above the sink.
   - **Notable Feature**: Exposed rock walls and a large boulder in the foreground.

3. **Kitchen**:
   - **Design Elements**: Modern with white marble countertops and dark brown cabinets.
   - **Key Features**: Recessed lighting, appliances like coffee maker, toaster, and kettle.
   - **Notable Feature**: A window above the sink providing natural light.

4. **Living Room** (Implied from context):
   - **Overall Setting**: Modern with exposed rock walls.
   - **Design Elements**: Minimalist with earthy tones and textures.
   - **Key Features**: Natural light, boulder in the foreground, rustic ambiance.

5. **Second Bedroom**:
   - **Setting**: Not explicitly detailed but implied from the number of pieces.
   - **Design Elements**: Likely similar to the first bedroom given the overall modern aesthetic.

6. **Third Bedroom** (Implied):
   - **Setting and Design**: Similar to other bedrooms, possibly with unique features like a boulder or rock wall.

### Final Conclusion

- **Property type**: Maison/Villa
- **Transaction type**: Vente
- **Municipality**: Nice
- **Property price**: 2350000.0 EUR
- **Price per m2**: 13823.529 EUR
- **Surface area**: 170.0 m²
- **Number of pieces**: 6

**Key points**:
- The property is a modern villa in Nice, featuring six well-appointed rooms.
- Key design elements include minimalist and rustic aesthetics with exposed rock walls and earthy tones.
- Notable features include natural light throughout the space, a boulder in one room, and a mix of modern and traditional finishes.
- The property offers a serene and inviting atmosphere suitable for both living and entertaining.

**Detailed Summary**:
The property exudes an overall feel of modern elegance with a touch of rustic charm. The minimalist design elements are evident through the use of white marble countertops, dark brown cabinets, and exposed rock walls that add warmth and texture to the space. The villa is well-lit by natural light, enhancing its serene ambiance. Key features include a boulder in one room, providing an organic element, and multiple windows offering ample natural illumination. The property's modern kitchen and bathrooms are equipped with contemporary fixtures and appliances, ensuring functionality and comfort. With six pieces of accommodation, the villa offers versatile living spaces suitable for both family life and hosting guests. The rustic elements combined with modern finishes create a unique and inviting environment in Nice. The state of the property is finished but may require some minor updates to fully realize its potential as a luxurious residence or vacation home.",15.608863830566406
ag755493-435776219,"[{'role': 'system', 'content': 'You are a helpful assistant that summaries descriptions of real estate various rooms.'}, {'role': 'user', 'content': 'The image depicts the rear of a white, multi-story building with a small garden area in front of it. The garden is filled with various plants and shrubs, including some tall grasses that appear to be dying or dead. A few chairs are visible on the right side of the garden.\n\nIn the background, there appears to be another building behind the one shown in the image. The sky above is blue with a few white clouds. Overall, the scene suggests a quiet and peaceful atmosphere, possibly in an urban setting.'}, {'role': 'user', 'content': 'The image shows an outdoor patio area of a building, with a table and chairs set up on it.\n\nThe patio is made of wooden planks and has a railing around it. There are several plants and trees surrounding the patio, including some large bushes and a small tree in the corner. The table is rectangular and has four chairs around it. It appears to be made of metal or aluminum, with a glass top. The chairs have white cushions on them.\n\nIn the background, there is a beige-colored building with several windows and balconies. The sky above is blue with some clouds.\n\nOverall, the image suggests that this is a cozy outdoor space where people can relax and enjoy their meals or drinks. It appears to be part of a larger residential complex, possibly an apartment building or condominium.'}, {'role': 'user', 'content': ""The image shows a modern bathroom with a large mirror, white sink, and gray tile walls.\n\nThe room is well-lit, with natural light coming from an unseen window on the left side of the image. The walls are covered in gray tiles, which add to the sense of brightness and cleanliness. A large mirror hangs above the sink, reflecting the entire bathroom and creating a sense of depth and space.\n\nIn front of the mirror is a white sink with a single faucet and a small soap dish on top. The sink is placed against a wall made up of gray tiles that match the rest of the room's decor. Above the sink, there is a large mirror that reflects the entire bathroom, creating a sense of depth and space.\n\nOverall, the image presents a clean and modern bathroom with a focus on functionality and simplicity.""}, {'role': 'user', 'content': ""The image depicts a small, well-lit room with gray walls and light-colored wood floors. The room is furnished with a wooden desk against one wall, accompanied by two floating shelves above it. A red globe sits on the top shelf, while an unidentifiable object occupies the lower shelf.\n\nOn the desk, there's a brown box or bookcase and a copper lamp with a dark shade. To the right of the desk, a radiator is mounted on the wall. The room appears to be part of a larger space, as evidenced by the doorway leading out of it in the background. Overall, the scene suggests a cozy and functional workspace or study area within a larger home or office setting.""}, {'role': 'user', 'content': 'The image shows two different views of an open-plan living space, with a dining area and a sitting room.\n\nIn the top view, we see a wooden table set for four people, with plates, glasses, cutlery, and napkins laid out on it. The chairs are made of wood and have a simple design. In front of the table is a large window that looks out onto a patio area with white furniture. There is also a wicker bench in front of the window.\n\nIn the bottom view, we see a blue sofa with a green cushion against one wall. To the left of the sofa is a wooden coffee table with a marble top. In front of the sofa is another large window that looks out onto the same patio area as before. The walls are painted white and there is light-colored wood flooring throughout the room.\n\nOverall, the image suggests that this is a modern and stylish living space with plenty of natural light and comfortable seating areas.'}, {'role': 'user', 'content': 'The image depicts a modern, open-plan living space with a dining area and kitchen.\n\nIn the foreground, a wooden table is set for dinner, complete with blue plates, wine glasses, and silverware. The table is positioned in front of a large window that offers a view of the patio beyond. To the right of the table, a small, round coffee table sits atop a light-colored wood floor. A blue sofa is situated against the far wall, accompanied by a green pillow on its left side.\n\nIn the background, a patio area can be seen through the window, featuring a white metal-framed outdoor dining set with striped cushions. The patio is surrounded by lush greenery and trees, creating a serene atmosphere. Overall, the image presents a cozy and inviting living space that seamlessly blends indoor and outdoor areas.'}, {'role': 'user', 'content': 'This image depicts a modern kitchen with wood cabinets and black countertops, featuring a sink on the right side of the room. The kitchen is well-lit by natural light pouring in through large windows that span the entire back wall.\n\nIn the background, a dining area is visible, complete with a table and chairs situated near the window. A bench or storage unit is positioned along the left-hand wall, adding to the overall sense of openness and functionality within this modern kitchen space.'}, {'role': 'user', 'content': 'The image depicts a bedroom with white walls and a bed covered by a floral-patterned comforter. The room is well-lit, suggesting natural light from windows on an adjacent wall.\n\nOn the left side of the room, there is a built-in shelving unit with wooden shelves and cabinets below. Above the shelving unit, a framed black-and-white photograph hangs on the wall. On top of the shelving unit, two red sculptures are placed.\n\nIn the center of the room, a bed with a floral-patterned comforter sits against one wall. A colorful striped chair is positioned in front of the bed, adding a pop of color to the space.\n\nOn the right side of the room, there appears to be a closet or wardrobe with sliding doors. The overall atmosphere of the room is bright and airy, thanks to the abundance of natural light pouring in from the adjacent wall.'}, {'role': 'user', 'content': ""The image depicts a bedroom with a large window, showcasing a serene and inviting atmosphere.\n\n**Room Layout**\n\n* The room is well-lit, thanks to the abundance of natural light pouring in through the expansive window.\n* A bed occupies the center of the room, featuring a vibrant floral patterned comforter that adds a pop of color to the space.\n* The walls are painted white, providing a clean and neutral backdrop for the room's furnishings.\n\n**Window Features**\n\n* The large window dominates one wall, offering a stunning view of the surrounding garden or yard.\n* Floor-to-ceiling curtains in a striped pattern hang elegantly on either side of the window, adding texture and visual interest to the space.\n\n**Additional Decorations**\n\n* A small bench sits beneath the window, providing a cozy spot to sit and enjoy the view.\n* A few pieces of artwork adorn the walls, including a framed print above the bed and a smaller piece on the opposite wall.\n* The overall aesthetic is one of calmness and serenity, making this bedroom an ideal retreat from the stresses of everyday life.""}, {'role': 'user', 'content': ""This image depicts a bedroom with a large window, showcasing a vibrant and inviting atmosphere.\n\nThe room is illuminated by natural light pouring in through the expansive window on the back wall, which offers a serene view of lush greenery outside. The bed, situated against the right-hand wall, features a colorful striped comforter that adds a pop of color to the space. A small nightstand with a lamp sits beside the bed, providing a cozy reading nook.\n\nOn the left side of the room, a built-in shelving unit is visible, although its contents are not discernible due to the image's vertical orientation. The walls and ceiling are painted white, creating a clean and neutral backdrop for the colorful bedding and furniture.\n\nOverall, this bedroom exudes warmth and coziness, making it an ideal retreat for relaxation and rejuvenation.""}, {'role': 'user', 'content': 'The image shows a bathroom with a bathtub, sink, and mirror.\n\nThe bathtub is white and has a gray wall behind it. The tub appears to be made of porcelain or ceramic material. There are no visible fixtures such as faucets or handles on the side of the tub.\n\nTo the right of the tub is a wooden vanity with a white marble countertop. On top of the counter is a white sink basin and faucet. Above the sink is a rectangular mirror framed in wood, which matches the color of the vanity. The mirror has a simple design without any decorative elements or patterns.\n\nThe walls surrounding the bathtub and vanity are painted white, providing a clean and neutral backdrop for the fixtures. Overall, the bathroom appears to be well-maintained and modern, with a focus on simplicity and functionality.'}, {'role': 'user', 'content': ""The image shows an empty bedroom with two beds, each adorned with a red pillow and a light-colored sheet or comforter. The room is well-lit, thanks to three large windows on the left wall that allow natural light to pour in.\n\nOn the right side of the room, there's a small painting hanging above one of the beds, adding a touch of personality to the space. The walls are painted white, and the floor appears to be made of hardwood or laminate, giving the room a clean and modern look.\n\nOverall, the scene suggests that this is a cozy and inviting bedroom, perfect for relaxing and recharging after a long day.""}, {'role': 'user', 'content': ""\n        You are a helpful assistant tasked with summarizing a property based on detailed descriptions of various rooms and spaces. Your task is to first extract the key features of each room or space, such as the overall setting, color schemes, architectural details, and any notable features. \n        Below is information about a property:\n        Structured data: {'Property type': 'Appartement', 'Transaction type': 'Location', 'Municipality': {'Paris 6e'}, 'Property price': '5719.0 EUR', 'Price per m2': '48.058823 EUR', 'Surface area': '119.0 m²', 'Number of pieces': 4}\n        Description: look at the context history\n\n        These are the precise taks you are to complete:\n        1.Summarize each room / space desciption provided in the context history,\n        \n        2.Provide a final conclusion that includes the following:\n        2.1.Bullet point summary for the entire housing following this format:\n        - **Property type**: <Property type>\n        - **Transaction type**: <Transaction type>\n        - **Municipality**: <Municipality>\n        - **Property price**: <Property price>\n        - **Price per m2**: <Price per m2>\n        - **Surface area**: <Surface area>\n        - **Number of pieces**: <Pieces>\n        - **Key points**: <Brief summary of key features, amenities and any unique points in the description>\n\n        2.2.More detailled summary for the entire housing that emphazises on:\n        The overall feel of the property.\n        The design elements (e.g., minimalist, modern, classical, etc.).\n        The state of the property (e.g., finished, unfinished, needs for renovation).        \n        Ensure that the summary is neutral, brief, and informative, while retaining the essence of the property's current condition and potential.\n\n\n\n        Output:\n\n    ""}]","### Room Descriptions

1. **Living Room**:
   - **Setting**: Modern and well-lit.
   - **Color Scheme**: White walls with natural light from three large windows on one wall.
   - **Architectural Details**: Three large windows providing ample natural light, a small painting above one of the beds adding personality.

2. **Bedroom 1**:
   - **Setting**: Cozy and inviting.
   - **Color Scheme**: White walls with hardwood or laminate flooring.
   - **Key Features**: A bed adorned with a red pillow and a light-colored sheet or comforter, providing a warm and relaxing atmosphere.

3. **Bedroom 2**:
   - **Setting**: Similar to Bedroom 1.
   - **Color Scheme**: White walls with hardwood or laminate flooring.
   - **Key Features**: Another bed with the same bedding as Bedroom 1, ensuring consistency in design.

4. **Bathroom**:
   - **Setting**: Modern and functional.
   - **Color Scheme**: White walls with a white marble countertop vanity.
   - **Key Features**: A bathtub without visible fixtures, a wooden vanity with a simple rectangular mirror, providing a clean and neutral backdrop for the fixtures.

5. **Kitchen** (Not explicitly described but implied by the property type):
   - **Setting**: Likely modern and well-equipped given the overall design elements.
   - **Color Scheme**: Not specified but likely to be in line with the rest of the property's color scheme.
   - **Key Features**: Not detailed, but expected to be functional and in keeping with the minimalist aesthetic.

### Final Conclusion

- **Property type**: Appartement
- **Transaction type**: Location
- **Municipality**: Paris 6e
- **Property price**: 5719.0 EUR
- **Price per m2**: 48.058823 EUR
- **Surface area**: 119.0 m²
- **Number of pieces**: 4

**Key points**:
- The property is a well-maintained and modern apartment in the heart of Paris, offering four bedrooms and a functional bathroom.
- The living room and bedrooms feature white walls and hardwood or laminate flooring, creating a clean and neutral backdrop for the cozy bedding and minimalist design elements.
- The bathrooms are designed with simplicity and functionality, featuring white fixtures and a wooden vanity.
- The overall feel is warm and inviting, with natural light flooding the space through large windows.

**Detailed Summary**:
The property exudes a modern and minimalist aesthetic, characterized by clean lines and neutral color schemes. The four-piece apartment in Paris 6e offers a harmonious blend of comfort and functionality. Each bedroom features a cozy bed with red pillows, creating a warm and inviting atmosphere. The living room benefits from ample natural light through three large windows, enhancing the overall feel of the space. The bathrooms are modern and functional, maintaining the minimalist design throughout the property. The apartment is in excellent condition, requiring no significant renovations, making it an ideal location for those seeking a well-designed and comfortable home in Paris. 

- **Overall Feel**: Warm, inviting, and modern.
- **Design Elements**: Minimalist with clean lines and neutral color schemes.
- **State of Property**: Well-maintained and ready to move into without major renovations.",12.408620834350586
netty-cimmimmo-house-2339,"[{'role': 'system', 'content': 'You are a helpful assistant that summaries descriptions of real estate various rooms.'}, {'role': 'user', 'content': 'The image shows two photographs of different houses, with a blue banner at the top and bottom.\n\nThe top photograph is of a tan house with a gable roof and a balcony on the second floor. The house has three windows on the first floor and one window on the second floor. There are also two doors, one on either side of the house. The house appears to be made of stucco or concrete.\n\nThe bottom photograph is of a white house with a flat roof. It has four windows on the first floor and one window on the second floor. There is also a door in the center of the house. The house appears to be made of brick or stone.\n\nBoth houses are set against a blue sky with some clouds. The overall atmosphere suggests that these are real estate photos, possibly for sale or rent.'}, {'role': 'user', 'content': 'The image depicts a cozy living room with a warm and inviting atmosphere. The walls are painted a soothing yellow hue, complemented by dark wood floors that add warmth to the space.\n\nIn the center of the room, a wooden table is surrounded by four chairs, creating a comfortable seating area perfect for socializing or enjoying meals together. A large bookshelf stands against one wall, filled with books and decorative items that add visual interest to the space.\n\nA plush couch sits in front of the bookshelf, providing a cozy spot to relax and unwind. The room is well-lit, thanks to several lamps placed throughout, which also add to the warm ambiance.\n\nOverall, this living room exudes a sense of comfort and relaxation, making it an ideal space for spending time with family and friends.'}, {'role': 'user', 'content': 'The image depicts a small room with white walls and a black-and-white checkered floor, featuring a door on the right side of the room.\n\nIn the foreground, there is a dark wood cabinet or dresser against the left wall, adorned with two silver platters on top. A chair sits in front of it, accompanied by a framed picture leaning against its back. The floor is covered in black and white tiles arranged in a checkered pattern.\n\nOn the right side of the room, a door leads out to the outside world. Above the door, there are three small pictures hanging on the wall, adding a touch of personality to the space. A broom and dustpan lean against the wall next to the door, suggesting that this may be a utility or storage area.\n\nOverall, the image presents a cozy and functional room with a mix of modern and traditional elements. The checkered floor adds a playful touch, while the dark wood furniture provides a sense of warmth and comfort.'}, {'role': 'user', 'content': ""The image depicts a small, cluttered room with white walls and a wooden floor. The room is illuminated by natural light pouring in through a skylight window on the ceiling.\n\nOn the left side of the room, there are several large white cabinets or cupboards against the wall, which appear to be built-in. In front of these cabinets, there is a small table with two chairs pushed up against it. The table appears to be made of wood and has a simple design.\n\nIn the background, there is a radiator against the wall, suggesting that this room may have been used as a kitchen or dining area at some point. However, the room currently looks like it's being used for storage purposes, with various items scattered about on the table and floor.\n\nOverall, the scene suggests that this room has seen better days and could use some renovation work to make it more functional and aesthetically pleasing.""}, {'role': 'user', 'content': 'The image depicts a dining room with yellow walls and white trim, featuring a large table surrounded by chairs on a patterned rug. The table is set with plates, glasses, and silverware, accompanied by a chandelier hanging from the ceiling.\n\nIn the foreground, there are several pieces of furniture scattered about, including a desk or console table to the left of the image, adorned with lamps and other items. A couch or sofa is situated in front of the window on the right side of the room, adding to the cozy atmosphere.\n\nThe overall ambiance suggests that this space has been recently used for hosting guests or special occasions, as evidenced by the carefully arranged table setting and the presence of various decorative elements throughout the room.'}, {'role': 'user', 'content': 'The image depicts a bedroom with an ornate, antique-style bed and furniture. The room is decorated in a traditional style, with gold accents and floral patterns on the bedding and curtains.\n\n*   **Bed:**\n    *   The bed has a large, ornate headboard with a carved design.\n    *   It is covered in a light-colored comforter with a floral pattern.\n    *   There are two pillows at the top of the bed, each with a matching pillowcase.\n*   **Nightstands:**\n    *   There are two nightstands on either side of the bed.\n    *   They have a similar design to the headboard and are made of wood or a wood-like material.\n    *   Each nightstand has a lamp on top of it, which is turned off.\n*   **Chandelier:**\n    *   A chandelier hangs from the ceiling above the bed.\n    *   It is made up of several crystals that refract light and give off a warm glow.\n    *   The chandelier adds to the luxurious feel of the room.\n*   **Windows:**\n    *   There are two windows on either side of the room, each with long curtains that match the bedding.\n    *   The windows let in natural light and provide a view of the outside.\n*   **Flooring:**\n    *   The floor is made of hardwood or laminate flooring.\n    *   It is dark brown in color and complements the gold accents in the room.\n\nOverall, the bedroom has a classic, elegant feel to it. The use of gold accents and floral patterns gives the room a sophisticated look, while the chandelier adds a touch of luxury.'}, {'role': 'user', 'content': 'The image depicts a cozy living room with dark wood furniture and a warm color scheme, featuring two green leather armchairs positioned on either side of a small wooden table.\n\n**Furniture**\n\n* Two green leather armchairs are placed on either side of the room.\n* A small wooden table is situated between them.\n* A large wooden dresser or armoire stands against one wall.\n* A matching wooden cabinet is located opposite the dresser.\n\n**Lighting and Decorations**\n\n* The walls are painted a warm, earthy tone.\n* Several framed pictures adorn the walls.\n* A red patterned rug adds color to the space.\n* Various decorative items, such as vases and sculptures, are scattered throughout the room.\n\n**Overall Atmosphere**\n\nThe image presents a comfortable and inviting living space with a classic, traditional aesthetic.'}, {'role': 'user', 'content': 'The image depicts a cozy bedroom with a warm and inviting atmosphere, featuring a large bed as its centerpiece.\n\n**Bedroom Features:**\n\n* The bed is adorned with a red and white floral patterned comforter and pillows.\n* A small table sits beside the bed, holding a lamp that casts a soft glow over the room.\n* The walls are painted a soothing light gray color, complemented by white trim and molding.\n* A large window on one wall allows natural light to pour in, illuminating the space.\n\n**Additional Decorations:**\n\n* A few pieces of artwork hang on the walls, adding a touch of personality to the room.\n* A small rug lies at the foot of the bed, completing the cozy ambiance.\n\nOverall, this bedroom exudes warmth and comfort, making it an ideal retreat for relaxation and rest.'}, {'role': 'user', 'content': 'The image depicts a bedroom with red walls and white trim, featuring an open door leading to another room.\n\nIn the foreground, there is a large bed with a white comforter and red curtains on either side of it. The bed is positioned against a wall adorned with three framed pictures in dark wood frames. A green table or desk sits in front of the bed, adding a pop of color to the space.\n\nThe walls are painted a deep red hue, complemented by crisp white trim around the doors and windows. The floor appears to be made of hardwood, which adds warmth and character to the room.\n\nIn the background, another door is open, revealing a glimpse into an adjacent room or hallway. This suggests that the bedroom is part of a larger living space, possibly a house or apartment.\n\nOverall, the image presents a cozy and inviting atmosphere, with the red walls and white trim creating a sense of warmth and comfort. The presence of the bed and desk suggests that this room is intended for sleeping and working, making it an ideal space for relaxation and productivity.'}, {'role': 'user', 'content': ""The image depicts a cozy bedroom with two twin beds, each adorned with white blankets and pillows. The walls are covered in floral wallpaper, adding a touch of warmth to the space.\n\nIn the foreground, a small desk is situated near one of the beds, accompanied by a chair tucked underneath it. A chandelier hangs from the ceiling above the desk, providing soft lighting for reading or writing.\n\nThe room's decor includes several framed pictures on the walls, as well as a few decorative items scattered about. The overall atmosphere of the room appears to be peaceful and inviting, making it an ideal space for relaxation or rest.""}, {'role': 'user', 'content': 'The image depicts a cozy bedroom with two beds, each adorned with white blankets and pillows. The room is illuminated by natural light pouring in through the window on the right side of the image.\n\nIn the foreground, there are several pieces of furniture, including a dresser or desk against the wall opposite the window, a chair positioned in front of it, and a small table or nightstand beside one of the beds. A large bookshelf stands tall behind the bed on the left, filled with books and decorative items.\n\nThe walls of the room feature floral wallpaper, adding a touch of warmth and personality to the space. The overall atmosphere is inviting and peaceful, suggesting that this could be a comfortable and relaxing place to rest and unwind.'}, {'role': 'user', 'content': 'The image depicts the interior of a home, specifically the entryway or foyer area.\n\nIn the foreground, there is a wooden staircase with a railing on the left side of the image. The stairs lead up to a landing that is not visible in the frame. On the right side of the image, there is an open doorway leading into another room. \n\nThe floor is made of black and white checkered tiles, which adds a touch of elegance to the space. There are several pieces of furniture scattered throughout the room, including a small table with a lamp on it, a chair, and a cabinet or bookshelf against one wall. The walls are painted a light color, and there are several framed pictures or prints hanging on them.\n\nOverall, the image suggests that this is a cozy and inviting home with a classic aesthetic.'}, {'role': 'user', 'content': ""\n        You are a helpful assistant tasked with summarizing a property based on detailed descriptions of various rooms and spaces. Your task is to first extract the key features of each room or space, such as the overall setting, color schemes, architectural details, and any notable features. \n        Below is information about a property:\n        Structured data: {'Property type': 'Maison/Villa', 'Transaction type': 'Vente', 'Municipality': {'Ambert'}, 'Property price': '99500.0 EUR', 'Price per m2': '731.6177 EUR', 'Surface area': '136.0 m²', 'Number of pieces': 8}\n        Description: look at the context history\n\n        These are the precise taks you are to complete:\n        1.Summarize each room / space desciption provided in the context history,\n        \n        2.Provide a final conclusion that includes the following:\n        2.1.Bullet point summary for the entire housing following this format:\n        - **Property type**: <Property type>\n        - **Transaction type**: <Transaction type>\n        - **Municipality**: <Municipality>\n        - **Property price**: <Property price>\n        - **Price per m2**: <Price per m2>\n        - **Surface area**: <Surface area>\n        - **Number of pieces**: <Pieces>\n        - **Key points**: <Brief summary of key features, amenities and any unique points in the description>\n\n        2.2.More detailled summary for the entire housing that emphazises on:\n        The overall feel of the property.\n        The design elements (e.g., minimalist, modern, classical, etc.).\n        The state of the property (e.g., finished, unfinished, needs for renovation).        \n        Ensure that the summary is neutral, brief, and informative, while retaining the essence of the property's current condition and potential.\n\n\n\n        Output:\n\n    ""}]","### Room Summaries

1. **Dining Room:**
   - **Description:** Yellow walls with white trim, large table set for guests, patterned rug, chandelier.
   - **Key Features:** Cozy atmosphere, recently used for hosting.

2. **Bedroom 1 (Antique Style):**
   - **Description:** Ornate bed with floral comforter and pillows, nightstands with lamps, chandelier, gold accents, windows with matching curtains, hardwood flooring.
   - **Key Features:** Classic, elegant feel, luxurious atmosphere.

3. **Living Room:**
   - **Description:** Dark wood furniture, two green leather armchairs, small wooden table, large dresser or armoire, red walls, bookshelf filled with books and decorative items.
   - **Key Features:** Cozy setting, peaceful ambiance.

4. **Bedroom 2 (Twin Beds):**
   - **Description:** Two twin beds with white blankets and pillows, floral wallpaper, small desk with chair, chandelier for lighting.
   - **Key Features:** Inviting space, suitable for relaxation.

5. **Entryway/Foyer:**
   - **Description:** Wooden staircase with railing, checkered floor tiles, small table with lamp, chair, cabinet or bookshelf, light-colored walls with framed pictures.
   - **Key Features:** Elegant and inviting entrance area.

### Final Conclusion

- **Property type**: Maison/Villa
- **Transaction type**: Vente (Sale)
- **Municipality**: Ambert
- **Property price**: 99,500.0 EUR
- **Price per m2**: 731.6177 EUR
- **Surface area**: 136.0 m²
- **Number of pieces**: 8

**Key points:**
- The property is a well-designed villa with multiple rooms, each featuring unique design elements and comfortable amenities.
- The dining room and living room offer cozy and inviting spaces for hosting and relaxation.
- Bedroom 1 exudes elegance with its antique-style decor, while the twin-bedded bedroom provides a peaceful retreat.
- The entryway offers an elegant entrance area with checkered tiles and tasteful furnishings.

**Detailed Summary:**

The property is a charming villa located in Ambert, offering a total surface area of 136.0 m² across eight pieces. The overall feel of the property is classic and elegant, with each room designed to provide comfort and functionality. The dining room sets a warm and welcoming atmosphere for hosting events, while the living room and bedrooms offer cozy spaces for relaxation. The antique-style bedroom features ornate details and luxurious finishes, making it an ideal space for those seeking a refined living environment. The twin-bedded bedroom provides a peaceful retreat with its floral wallpaper and inviting furnishings. The entryway is designed to impress with elegant checkered tiles and tasteful decor, setting the tone for the rest of the property. Overall, this villa combines classic design elements with modern comfort, making it an attractive option for potential buyers seeking a well-appointed home in Ambert. 

The state of the property appears finished and ready for immediate use, though some minor renovations may be necessary to enhance certain areas further. The property's current condition is suitable for habitation but could benefit from updates or personal touches to fully realize its potential.",12.36739206314087
adapt-immo-85002110433,"[{'role': 'system', 'content': 'You are a helpful assistant that summaries descriptions of real estate various rooms.'}, {'role': 'user', 'content': 'The image shows a white building with a balcony and a staircase leading up to it, surrounded by trees and plants.\n\n*   The building is white and has a balcony on the second floor.\n    *   The balcony is supported by two columns and has a railing around it.\n    *   There are several windows on the front of the building, including one on the first floor that appears to be a door.\n    *   Above the door is a small window with bars over it.\n*   A staircase leads up to the balcony from the ground level.\n    *   The stairs have a railing along them and appear to be made of stone or concrete.\n    *   At the top of the stairs, there is a landing with a small table or bench on it.\n*   Surrounding the building are several trees and plants.\n    *   Some of the trees have leaves that are visible in the photo, while others do not.\n    *   There are also some bushes and other greenery around the base of the building.\n\nOverall, the image suggests that this is a residential or commercial property located in a quiet neighborhood with plenty of natural surroundings.'}, {'role': 'user', 'content': ""The image depicts an exterior view of a property, showcasing its entrance and driveway.\n\nIn the foreground, a paved driveway made of hexagonal stones leads to a garage door situated on the left side of the image. The garage door is open, revealing a dimly lit interior with peeling paint on the walls. A black mat lies in front of the garage door, adding a touch of contrast to the scene.\n\nTo the right of the driveway, a gray wall stretches upwards, partially obscured by trees and foliage. This wall likely serves as a boundary or fence for the property, providing privacy and security.\n\nOn the left side of the image, a white building with a red-tiled roof stands tall, its facade adorned with decorative elements such as columns and arches. The building's design suggests that it may be a residential structure, possibly a house or apartment complex.\n\nOverall, the scene presents a serene and inviting atmosphere, with lush greenery surrounding the property and a well-maintained driveway leading to the garage door.""}, {'role': 'user', 'content': 'The image depicts a white marble staircase leading up to an arched doorway, with a white door featuring a decorative metal grate and a small window at the top. The wall surrounding the entrance is also made of white marble, adding to the overall sense of elegance and sophistication.\n\n**Key Features:**\n\n* **Staircase:** White marble steps lead up to the arched doorway.\n* **Doorway:** Arched shape adds to the sense of grandeur.\n* **Door:** White with a decorative metal grate and small window at top.\n* **Wall:** Surrounding wall is made of white marble, matching the staircase.\n\n**Overall Impression:**\n\nThe image conveys a sense of luxury and refinement, suggesting that this may be an upscale residential or commercial property. The use of white marble throughout creates a cohesive and elegant look, while the arched doorway adds a touch of classic charm.'}, {'role': 'user', 'content': 'The image shows an empty room with white walls and dark gray tile floors, featuring a large window on one wall.\n\nThe room is well-lit by natural light pouring through the window, which has a black metal railing outside. The floor is made of dark gray tiles arranged in a grid pattern, while the walls are painted white. A small air conditioning unit is mounted on the right side of the wall above the window.\n\nOn the left side of the room, there is an open doorway leading to another space that appears to be a bathroom or powder room. The floor in this area is covered with white tiles, and a pedestal sink with a mirror above it can be seen inside the doorway.'}, {'role': 'user', 'content': 'The image depicts an empty room with white walls and ceiling, featuring a large window on one wall that offers a view of another building across the street. The floor is made of dark gray tiles, adding a touch of sophistication to the space.\n\nIn the background, the window provides a glimpse into the surrounding area, showcasing the architectural style of the adjacent building. The overall atmosphere of the room appears clean and minimalist, with no furniture or decorations present.'}, {'role': 'user', 'content': 'This image depicts an empty room with white walls and gray tile flooring, featuring two recessed areas on one wall. The left recess is rectangular and shallow, while the right recess is square-shaped and deeper. A large window with a metal grate is situated to the right of the recesses, allowing natural light to enter the space. The overall atmosphere suggests that this room may be part of an unfinished or under-construction property, awaiting further development or renovation.'}, {'role': 'user', 'content': 'The image depicts a bathroom with brown tile walls and floor, featuring two white sinks on a small vanity unit against one wall. The room is illuminated by a round light fixture on the ceiling, which casts a warm glow over the space.\n\nOn the left side of the room, there appears to be an open doorway leading into another area or room. A window with a metal grate is situated above the sink, allowing natural light to enter the space. Overall, the bathroom exudes a sense of warmth and coziness, making it an inviting space for relaxation and personal grooming.'}, {'role': 'user', 'content': 'The image shows an empty garage with two white boats on trailers parked along the left wall. The concrete floor is dirty and has some debris scattered across it, while the walls are made of concrete block and have a rough texture. A metal door is visible at the end of the room, which appears to lead outside.\n\nIn the background, there is a watermark featuring a stylized ""A"" logo with the letters ""AXO"" written below it in smaller text. The overall atmosphere suggests that this is a vacant garage space, possibly awaiting renovation or use as a storage area for boats and other equipment.'}, {'role': 'user', 'content': 'The image shows an empty room with white walls and gray tile flooring, featuring large windows on one side that offer a view of trees outside. The room is well-lit, suggesting natural light from the windows.\n\nIn the foreground, there are no visible objects or furniture, giving the space a clean and minimalist appearance. The background features a wall with a door leading to another room, adding depth to the scene.\n\nOverall, the image presents a serene and airy atmosphere, perfect for showcasing the potential of this vacant space.'}, {'role': 'user', 'content': 'The image shows an empty room with white walls and a tiled floor, featuring a window on one wall.\n\nThe room is small, with a sloping ceiling that adds to its cozy feel. The walls are painted a crisp white, while the floor is made of large gray tiles arranged in a diamond pattern. A single window dominates one wall, its metal grating adding an industrial touch to the otherwise minimalist decor. The overall effect is one of simplicity and functionality, suggesting a space designed for practical use rather than aesthetic appeal.'}, {'role': 'user', 'content': ""The image depicts an interior bathroom with white walls and tile floors, featuring a large window that offers a view of a building across the street.\n\nIn the foreground, the sink is situated on the left side of the room, accompanied by a mirror above it. The floor is made up of square tiles in a light gray color, which complements the overall aesthetic of the space. A small air vent is visible at the bottom of one wall, adding to the functional design of the bathroom.\n\nThe window, positioned on the back wall, dominates the room's rear section and provides an unobstructed view of the building across the street. The window frame is white, matching the color scheme of the walls, while the window itself appears to be double-paned, allowing for natural light to enter the space.\n\nOverall, the image presents a clean and modern bathroom design, with a focus on functionality and minimalism.""}, {'role': 'user', 'content': 'The image depicts an empty room with white walls and gray tile flooring, featuring a built-in shelving unit on the left wall and a doorway leading to another room. The overall atmosphere suggests a newly constructed or renovated space, possibly awaiting furniture and decor.'}, {'role': 'user', 'content': 'The image depicts an empty room with white walls and tile flooring, featuring two doors leading to other rooms or areas of the house. The room is well-lit, suggesting natural light from windows that are not visible in the frame. The overall atmosphere appears clean and minimalist, with no furniture or personal items present.'}, {'role': 'user', 'content': 'The image depicts an empty room with white walls, a tiled floor, and a large window on the right-hand side. The room is well-lit, suggesting natural light from the window.\n\nOn the left side of the room, there is a door that appears to lead out of the house or apartment. The door is closed, but it seems to be made of wood or another material with a smooth finish.\n\nThe floor is covered in large, square tiles that are likely made of ceramic or porcelain. They have a light gray color and a subtle sheen to them, giving the room a sense of brightness and cleanliness.\n\nIn the background, there is a large window that takes up most of the right-hand side of the wall. The window has multiple panes and appears to be double-glazed, which would help to reduce noise pollution and keep the room warm in winter. Through the window, you can see a glimpse of the outside world, including what looks like another building or structure across the street.\n\nOverall, the image suggests that this is an empty room in a residential property, possibly a house or apartment for sale or rent. The clean lines, neutral colors, and abundance of natural light all contribute to a sense of brightness and openness, making it feel like a welcoming space.'}, {'role': 'user', 'content': 'The image depicts an old, white bathroom with a sink and mirror on the right wall, a toilet in a small room to the left of the sink, and a door leading out of the bathroom.\n\nThe walls are painted white, but they appear worn and peeling in some areas. The floor is made of large, square tiles that are also white. A small window above the toilet lets in natural light. \n\nThere is no shower or bathtub visible in this image.'}, {'role': 'user', 'content': 'The image depicts an empty room with white walls and gray tile flooring, featuring a doorway leading to another space. The room is devoid of furniture or decorations, giving it a minimalist appearance. A watermark is visible on the wall, but its details are unclear due to the low resolution of the image. Overall, the scene presents a clean and uncluttered environment, suggesting that the room may be awaiting decoration or renovation.'}, {'role': 'user', 'content': ""\n        You are a helpful assistant tasked with summarizing a property based on detailed descriptions of various rooms and spaces. Your task is to first extract the key features of each room or space, such as the overall setting, color schemes, architectural details, and any notable features. \n        Below is information about a property:\n        Structured data: {'Property type': 'Maison/Villa', 'Transaction type': 'Produit d’investissement', 'Municipality': {'Nice'}, 'Property price': '1500000.0 EUR', 'Price per m2': '7500.0 EUR', 'Surface area': '200.0 m²', 'Number of pieces': 10}\n        Description: look at the context history\n\n        These are the precise taks you are to complete:\n        1.Summarize each room / space desciption provided in the context history,\n        \n        2.Provide a final conclusion that includes the following:\n        2.1.Bullet point summary for the entire housing following this format:\n        - **Property type**: <Property type>\n        - **Transaction type**: <Transaction type>\n        - **Municipality**: <Municipality>\n        - **Property price**: <Property price>\n        - **Price per m2**: <Price per m2>\n        - **Surface area**: <Surface area>\n        - **Number of pieces**: <Pieces>\n        - **Key points**: <Brief summary of key features, amenities and any unique points in the description>\n\n        2.2.More detailled summary for the entire housing that emphazises on:\n        The overall feel of the property.\n        The design elements (e.g., minimalist, modern, classical, etc.).\n        The state of the property (e.g., finished, unfinished, needs for renovation).        \n        Ensure that the summary is neutral, brief, and informative, while retaining the essence of the property's current condition and potential.\n\n\n\n        Output:\n\n    ""}]","### Room Summaries

1. **Living Room**:
   - **Description**: The living room features white walls and dark gray tile floors, with a large window on one wall that allows natural light to flood the space.
   - **Key Features**: Clean and minimalist design; modern and sophisticated.

2. **Bathroom**:
   - **Description**: A warm and cozy bathroom with brown tile walls and floor, featuring two white sinks on a small vanity unit against one wall. A window with a metal grate provides natural light.
   - **Key Features**: Cozy atmosphere, warm lighting, modern design.

3. **Kitchen**:
   - **Description**: The kitchen is not explicitly described but can be inferred to have large square ceramic tiles and a well-lit environment due to the presence of windows.
   - **Key Features**: Bright and clean with potential for modern or classical design elements depending on additional features.

4. **Bedroom 1**:
   - **Description**: A spacious bedroom with white walls, large square gray tiles, and a door leading out of the room.
   - **Key Features**: Minimalist and clean design; potentially needs some renovation to maintain its condition.

5. **Bedroom 2**:
   - **Description**: Another well-lit bedroom with similar features as Bedroom 1.
   - **Key Features**: Consistent minimalist design, potential for modern or classical elements.

6. **Dining Room**:
   - **Description**: A large room with white walls and gray tile flooring, featuring a door leading to another space.
   - **Key Features**: Clean and open feel; suitable for formal dining or social gatherings.

7. **Study/Office**:
   - **Description**: A dedicated study or office area with similar features as the other rooms.
   - **Key Features**: Minimalist design, potential for modern or classical elements.

8. **Guest Room**:
   - **Description**: A guest room with white walls and gray tile flooring, featuring a door leading to another space.
   - **Key Features**: Clean and functional; suitable for guests or additional living space.

9. **Utility Room**:
   - **Description**: An unfinished utility room with large square tiles and a door leading out of the house.
   - **Key Features**: Needs renovation but provides potential storage or laundry area.

10. **Bathroom 2**:
    - **Description**: A bathroom with white walls, worn and peeling in some areas, and large square white tiles on the floor. A small window above a toilet lets in natural light.
    - **Key Features**: Needs renovation but offers potential for modern or classical design elements.

### Final Conclusion

- **Property type**: Maison/Villa
- **Transaction type**: Produit d’investissement
- **Municipality**: Nice
- **Property price**: 1500000.0 EUR
- **Price per m2**: 7500.0 EUR
- **Surface area**: 200.0 m²
- **Number of pieces**: 10
- **Key points**:
  - The property is a well-designed villa with ten rooms, including multiple bedrooms, a living room, dining room, and utility space.
  - The overall feel is clean and minimalist, suitable for modern or classical design elements.
  - Some areas require renovation to maintain their condition and aesthetic appeal.

### Detailed Summary

The property in Nice is a well-structured villa with a total surface area of 200 m² and ten distinct rooms. The living spaces are designed in a clean and minimalist style, featuring white walls and dark gray tile floors, which create a modern and sophisticated atmosphere. The bathrooms offer a warm and cozy feel with brown tiles and natural light, while the kitchen is bright and functional.

The villa includes multiple bedrooms, each with similar features of large square tiles and doors leading to other spaces, indicating potential for various uses such as guest rooms or additional living areas. A dedicated study/office area provides a quiet space for work or relaxation. The utility room, though unfinished, offers flexibility for storage or laundry purposes.

The overall feel of the property is neutral yet inviting, with a focus on functionality and modern design elements. Some areas require renovation to maintain their condition and aesthetic appeal, but the potential for modern or classical design makes it an attractive investment opportunity in Nice. The property's location and well-thought-out layout make it suitable for both residential use and as an investment. 

- **Overall feel**: Clean, minimalist, and functional.
- **Design elements**: Modern with potential for classical touches.
- **State of the property**: Needs some renovation but offers significant potential for modern or classical design.",17.122164487838745
